Workbook

Sheet Calculadora
C2: Calculadora de presupuesto para eventos
C5: Producto | D5: Precio | E5: Otros productos | F5: Precio | G5: Precio sin IVA
C6: Croissant | D6: =IFERROR(VLOOKUP(C6, 'Lista de precios'!C:F, 4, FALSE), "") -> 4.9504132 | G6: =F6 / (1 + 21%) -> 0
C7: Crodots | D7: =IFERROR(VLOOKUP(C7, 'Lista de precios'!C:F, 4, FALSE), "") -> 7.4297521 | G7: =F7 / (1 + 21%) -> 0
C8: Berlinas | D8: =IFERROR(VLOOKUP(C8, 'Lista de precios'!C:F, 4, FALSE), "") -> 6.6033058 | G8: =F8 / (1 + 21%) -> 0
C9: Cookies | D9: =IFERROR(VLOOKUP(C9, 'Lista de precios'!C:F, 4, FALSE), "") -> 7.4297521 | G9: =F9 / (1 + 21%) -> 0
C10: Manzanas rojas | D10: =IFERROR(VLOOKUP(C10, 'Lista de precios'!C:F, 4, FALSE), "") -> 3.8760331 | G10: =F10 / (1 + 21%) -> 0
C11: Plátanos | D11: =IFERROR(VLOOKUP(C11, 'Lista de precios'!C:F, 4, FALSE), "") -> 2.2231405 | G11: =F11 / (1 + 21%) -> 0
C12: Tortillas | D12: =IFERROR(VLOOKUP(C12, 'Lista de precios'!C:F, 4, FALSE), "") -> 9.0826446 | G12: =F12 / (1 + 21%) -> 0
D13: =IFERROR(VLOOKUP(C13, 'Lista de precios'!C:F, 4, FALSE), "") | G13: =F13 / (1 + 21%) -> 0
D14: =IFERROR(VLOOKUP(C14, 'Lista de precios'!C:F, 4, FALSE), "") | G14: =F14 / (1 + 21%) -> 0
D15: =IFERROR(VLOOKUP(C15, 'Lista de precios'!C:F, 4, FALSE), "") | G15: =F15 / (1 + 21%) -> 0
D16: =IFERROR(VLOOKUP(C16, 'Lista de precios'!C:F, 4, FALSE), "") | G16: =F16 / (1 + 21%) -> 0
D17: =IFERROR(VLOOKUP(C17, 'Lista de precios'!C:F, 4, FALSE), "") | G17: =F17 / (1 + 21%) -> 0
D18: =IFERROR(VLOOKUP(C18, 'Lista de precios'!C:F, 4, FALSE), "") | G18: =F18 / (1 + 21%) -> 0
D19: =IFERROR(VLOOKUP(C19, 'Lista de precios'!C:F, 4, FALSE), "") | G19: =F19 / (1 + 21%) -> 0
D20: =IFERROR(VLOOKUP(C20, 'Lista de precios'!C:F, 4, FALSE), "") | G20: =F20 / (1 + 21%) -> 0
D21: =IFERROR(VLOOKUP(C21, 'Lista de precios'!C:F, 4, FALSE), "") | G21: =F21 / (1 + 21%) -> 0
F22: Presupuesto | G22: Total
F23: 40 | G23: =SUM(D6:D21,G6:G21) -> 41.595041

Sheet Lista de precios
C4: Producto | D4: Precio | E4: IVA | F4: Total
C5: Muffins | D5: 8.99 | E5: 0.21 | F5: =D5 / (1 + E5) -> 7.4297521
C6: Crodots | D6: 8.99 | E6: 0.21 | F6: =D6 / (1 + E6) -> 7.4297521
C7: Berlinas | D7: 7.99 | E7: 0.21 | F7: =D7 / (1 + E7) -> 6.6033058
C8: Bizcocho | D8: 3.99 | E8: 0.21 | F8: =D8 / (1 + E8) -> 3.2975207
C9: Pan | D9: 1.99 | E9: 0.21 | F9: =D9 / (1 + E9) -> 1.6446281
C10: Tortillas | D10: 10.99 | E10: 0.21 | F10: =D10 / (1 + E10) -> 9.0826446
C11: Empanada | D11: 11.49 | E11: 0.21 | F11: =D11 / (1 + E11) -> 9.4958678
C12: Manzanas rojas | D12: 4.69 | E12: 0.21 | F12: =D12 / (1 + E12) -> 3.8760331
C13: Manzanas verdes | D13: 5.49 | E13: 0.21 | F13: =D13 / (1 + E13) -> 4.5371901
C14: Plátanos | D14: 2.69 | E14: 0.21 | F14: =D14 / (1 + E14) -> 2.2231405
C15: Banana | D15: 1.89 | E15: 0.21 | F15: =D15 / (1 + E15) -> 1.5619835
C16: Mandarinas | D16: 4.69 | E16: 0.21 | F16: =D16 / (1 + E16) -> 3.8760331
... C25: Cookies | D25: 8.99 | E25: 0.21 | F25: =D25 / (1 + E25) -> 7.4297521
